filename,genre
m00003.wav,Unknown
m00012.wav,Unknown
m00013.wav,Unknown
m00043.wav,Unknown
m00044.wav,Unknown
m00055.wav,Unknown
m00061.wav,Unknown
m00063.wav,Unknown
m00069.wav,Unknown
m00074.wav,Unknown
m00107.wav,Unknown
m00114.wav,Unknown
m00127.wav,Unknown
m00137.wav,Unknown
m00139.wav,Unknown
m00148.wav,Unknown
m00149.wav,Unknown
m00156.wav,Unknown
m00183.wav,Unknown
m00211.wav,Unknown
m00218.wav,Unknown
m00228.wav,Unknown
m00247.wav,Unknown
m00254.wav,Unknown
m00266.wav,Unknown
m00289.wav,Unknown
m00292.wav,Unknown
m00293.wav,Unknown
m00309.wav,Unknown
m00318.wav,Unknown
m00321.wav,Unknown
m00323.wav,Unknown
m00324.wav,Unknown
m00331.wav,Unknown
m00348.wav,Unknown
m00355.wav,Unknown
m00356.wav,Unknown
m00357.wav,Unknown
m00359.wav,Unknown
m00363.wav,Unknown
m00371.wav,Unknown
m00372.wav,Unknown
m00391.wav,Unknown
m00393.wav,Unknown
m00399.wav,Unknown
m00405.wav,Unknown
m00414.wav,Unknown
m00434.wav,Unknown
m00463.wav,Unknown
m00468.wav,Unknown
m00487.wav,Unknown
m00495.wav,Unknown
m00515.wav,Unknown
m00528.wav,Unknown
m00537.wav,Unknown
m00538.wav,Unknown
m00549.wav,Unknown
m00555.wav,Unknown
m00560.wav,Unknown
m00570.wav,Unknown
m00571.wav,Unknown
m00576.wav,Unknown
m00581.wav,Unknown
m00582.wav,Unknown
m00589.wav,Unknown
m00597.wav,Unknown
m00610.wav,Unknown
m00616.wav,Unknown
m00624.wav,Unknown
m00635.wav,Unknown
m00685.wav,Unknown
m00705.wav,Unknown
m00708.wav,Unknown
m00719.wav,Unknown
m00730.wav,Unknown
m00733.wav,Unknown
m00736.wav,Unknown
m00755.wav,Unknown
m00756.wav,Unknown
m00791.wav,Unknown
m00806.wav,Unknown
m00812.wav,Unknown
m00817.wav,Unknown
m00824.wav,Unknown
m00828.wav,Unknown
m00829.wav,Unknown
m00833.wav,Unknown
m00838.wav,Unknown
m00843.wav,Unknown
m00852.wav,Unknown
m00873.wav,Unknown
m00921.wav,Unknown
m00927.wav,Unknown
m00928.wav,Unknown
m00941.wav,Unknown
m00947.wav,Unknown
m00949.wav,Unknown
m00950.wav,Unknown
m00961.wav,Unknown
m00967.wav,Unknown
m00971.wav,Unknown
m00973.wav,Unknown
m00988.wav,Unknown
m00991.wav,Unknown
m00995.wav,Unknown
